dataset,dataset_status,dataset_scope,method,seed,run_status,train_tokens,evaluated_validation_tokens,tokenizer_hash,vocab_size,parameter_count,mean_ppl,final_validation_loss,keep_rate,distribution_shift_metric,source_run_id,artifact_hash,safe_interpretation
c4_en_streaming,real_nonfallback,streaming_sample,dedup_only,1,completed_training,40960,2048,e3018aee4f8d2f790695245bde2e94c970f1d8985125b5d248017c401e793fba,191,10770048,227.9204811821783,5.428996801376343,1.0,0.000000,train:c4_en_streaming:small:dedup_only:1:completed_training:2026-06-04T21:02:43+00:00,bef1684a2c3ae290827b9d4c97146fb514ec9d23da64c900631c57f55eae4858,"Completed under this dataset protocol; compare methods within the same dataset, tokenizer, vocabulary, parameter count, and token budget."
c4_en_streaming,real_nonfallback,streaming_sample,dedup_only,2,completed_training,40960,2048,e3018aee4f8d2f790695245bde2e94c970f1d8985125b5d248017c401e793fba,191,10770048,159.87763951144112,5.074408769607544,1.0,0.000000,train:c4_en_streaming:small:dedup_only:2:completed_training:2026-06-04T21:02:49+00:00,10b2b323a8902ef692a1ebeab30d125ac62ed0616d1e96fc635642cb350aecb9,"Completed under this dataset protocol; compare methods within the same dataset, tokenizer, vocabulary, parameter count, and token budget."
c4_en_streaming,real_nonfallback,streaming_sample,dedup_only,3,completed_training,40960,2048,e3018aee4f8d2f790695245bde2e94c970f1d8985125b5d248017c401e793fba,191,10770048,135.96323387593262,4.912384510040283,1.0,0.000000,train:c4_en_streaming:small:dedup_only:3:completed_training:2026-06-04T21:02:55+00:00,5be59d904f82d9de9a4eed152de6f829792de591714936eb885676138bfff2ef,"Completed under this dataset protocol; compare methods within the same dataset, tokenizer, vocabulary, parameter count, and token budget."
c4_en_streaming,real_nonfallback,streaming_sample,hdqspp_v3,1,completed_training,40960,2048,e3018aee4f8d2f790695245bde2e94c970f1d8985125b5d248017c401e793fba,191,10770048,144.09135963077304,4.970447540283203,0.8526645768025078,0.147335,train:c4_en_streaming:small:hdqspp_v3:1:completed_training:2026-06-04T21:02:45+00:00,463c33cdfc65e9e9be98043e869b347e2487998d661aa4a056cf76baabe80c63,"Completed under this dataset protocol; compare methods within the same dataset, tokenizer, vocabulary, parameter count, and token budget."
c4_en_streaming,real_nonfallback,streaming_sample,hdqspp_v3,2,completed_training,40960,2048,e3018aee4f8d2f790695245bde2e94c970f1d8985125b5d248017c401e793fba,191,10770048,688.2786387977058,6.534193754196167,0.8526645768025078,0.147335,train:c4_en_streaming:small:hdqspp_v3:2:completed_training:2026-06-04T21:02:51+00:00,12bfd94d79939bd1306443a8df7cf7ea071b2cd46b02d272feb9837c5fd70eda,"Completed under this dataset protocol; compare methods within the same dataset, tokenizer, vocabulary, parameter count, and token budget."
c4_en_streaming,real_nonfallback,streaming_sample,hdqspp_v3,3,completed_training,40960,2048,e3018aee4f8d2f790695245bde2e94c970f1d8985125b5d248017c401e793fba,191,10770048,76.56428482820266,4.338130712509155,0.8526645768025078,0.147335,train:c4_en_streaming:small:hdqspp_v3:3:completed_training:2026-06-04T21:02:56+00:00,8c439e3af648d28123adb4329b95d9d12bd7f7bf5f0e5cb5bc2d19d171abe1f0,"Completed under this dataset protocol; compare methods within the same dataset, tokenizer, vocabulary, parameter count, and token budget."
c4_en_streaming,real_nonfallback,streaming_sample,random_same_keep_rate,1,completed_training,40960,2048,e3018aee4f8d2f790695245bde2e94c970f1d8985125b5d248017c401e793fba,191,10770048,198.6500858138383,5.2915449142456055,0.5987460815047022,0.401254,train:c4_en_streaming:small:random_same_keep_rate:1:completed_training:2026-06-04T21:02:42+00:00,daf7ce37b37ae29e9e048ad7779aa374c5d699267918aa3493a5db04b304ec7d,"Completed under this dataset protocol; compare methods within the same dataset, tokenizer, vocabulary, parameter count, and token budget."
c4_en_streaming,real_nonfallback,streaming_sample,random_same_keep_rate,2,completed_training,40960,2048,e3018aee4f8d2f790695245bde2e94c970f1d8985125b5d248017c401e793fba,191,10770048,251.7211036316915,5.528321743011475,0.5987460815047022,0.401254,train:c4_en_streaming:small:random_same_keep_rate:2:completed_training:2026-06-04T21:02:48+00:00,0d711556e6afbdcaa891a74eec94187288886d558781b326b7eb956e516a8e66,"Completed under this dataset protocol; compare methods within the same dataset, tokenizer, vocabulary, parameter count, and token budget."
c4_en_streaming,real_nonfallback,streaming_sample,random_same_keep_rate,3,completed_training,40960,2048,e3018aee4f8d2f790695245bde2e94c970f1d8985125b5d248017c401e793fba,191,10770048,96.18245748229778,4.56624698638916,0.5987460815047022,0.401254,train:c4_en_streaming:small:random_same_keep_rate:3:completed_training:2026-06-04T21:02:53+00:00,ddbae3768d0e91b06719ffccc949190dbf3e182d18ec8b8c94e7e9a3fcb31a7c,"Completed under this dataset protocol; compare methods within the same dataset, tokenizer, vocabulary, parameter count, and token budget."
c4_en_streaming,real_nonfallback,streaming_sample,raw,1,completed_training,40960,2048,e3018aee4f8d2f790695245bde2e94c970f1d8985125b5d248017c401e793fba,191,10770048,227.9204811821783,5.428996801376343,1.0,0.000000,train:c4_en_streaming:small:raw:1:completed_training:2026-06-04T21:02:41+00:00,4e44e9ebb4e32ae77d87700b01ac4de213c5e4df17b5e2b622aa500a2771b5aa,"Completed under this dataset protocol; compare methods within the same dataset, tokenizer, vocabulary, parameter count, and token budget."
c4_en_streaming,real_nonfallback,streaming_sample,raw,2,completed_training,40960,2048,e3018aee4f8d2f790695245bde2e94c970f1d8985125b5d248017c401e793fba,191,10770048,159.87763951144112,5.074408769607544,1.0,0.000000,train:c4_en_streaming:small:raw:2:completed_training:2026-06-04T21:02:46+00:00,81e4fea9d1e3b4f2bac2279f160fd42c24baadfef8b13b89ff0ed79bd340c164,"Completed under this dataset protocol; compare methods within the same dataset, tokenizer, vocabulary, parameter count, and token budget."
c4_en_streaming,real_nonfallback,streaming_sample,raw,3,completed_training,40960,2048,e3018aee4f8d2f790695245bde2e94c970f1d8985125b5d248017c401e793fba,191,10770048,135.96323387593262,4.912384510040283,1.0,0.000000,train:c4_en_streaming:small:raw:3:completed_training:2026-06-04T21:02:52+00:00,a68d43a502fa74e47d59e843f4c6c176b88f0b9b4d97fd8e8b3eef250b1bd222,"Completed under this dataset protocol; compare methods within the same dataset, tokenizer, vocabulary, parameter count, and token budget."
openwebtext_streaming,real_nonfallback,streaming_sample,dedup_only,1,completed_training,40960,2048,2ef25bf78b87afde1dfa665b9e99587b304175731dfa3c9da0afefdc7a4af7f3,117,10741632,245.90505756685639,5.504945516586304,1.0,0.000000,train:openwebtext_streaming:small:dedup_only:1:completed_training:2026-06-04T21:02:10+00:00,783796ca0c03699ff3be6f547969d5d5eab505a53234f1582660c1863dafa62d,"Completed under this dataset protocol; compare methods within the same dataset, tokenizer, vocabulary, parameter count, and token budget."
openwebtext_streaming,real_nonfallback,streaming_sample,dedup_only,2,completed_training,40960,2048,2ef25bf78b87afde1dfa665b9e99587b304175731dfa3c9da0afefdc7a4af7f3,117,10741632,77.00285556368391,4.343842506408691,1.0,0.000000,train:openwebtext_streaming:small:dedup_only:2:completed_training:2026-06-04T21:02:16+00:00,8b0a778792cb0d9c7b6138972b38233c68c72b866dcf9d5e7327ebb8069c6b19,"Completed under this dataset protocol; compare methods within the same dataset, tokenizer, vocabulary, parameter count, and token budget."
openwebtext_streaming,real_nonfallback,streaming_sample,dedup_only,3,completed_training,40960,2048,2ef25bf78b87afde1dfa665b9e99587b304175731dfa3c9da0afefdc7a4af7f3,117,10741632,77.71548451825461,4.353054523468018,1.0,0.000000,train:openwebtext_streaming:small:dedup_only:3:completed_training:2026-06-04T21:02:21+00:00,7f7e83fb0aa5082fe5e223e76192eea22ac4c5cd85ab47d2411159cd0019b2b5,"Completed under this dataset protocol; compare methods within the same dataset, tokenizer, vocabulary, parameter count, and token budget."
openwebtext_streaming,real_nonfallback,streaming_sample,hdqspp_v3,1,completed_training,40960,2048,2ef25bf78b87afde1dfa665b9e99587b304175731dfa3c9da0afefdc7a4af7f3,117,10741632,438.24326787044856,6.0827741622924805,0.8602150537634409,0.139785,train:openwebtext_streaming:small:hdqspp_v3:1:completed_training:2026-06-04T21:02:12+00:00,04232fa4ff9d85c1ee00801090d816642ce0d2747ea6fc99fcbaa11e9dc47e91,"Completed under this dataset protocol; compare methods within the same dataset, tokenizer, vocabulary, parameter count, and token budget."
openwebtext_streaming,real_nonfallback,streaming_sample,hdqspp_v3,2,completed_training,40960,2048,2ef25bf78b87afde1dfa665b9e99587b304175731dfa3c9da0afefdc7a4af7f3,117,10741632,156.36856464492521,5.052215814590454,0.8602150537634409,0.139785,train:openwebtext_streaming:small:hdqspp_v3:2:completed_training:2026-06-04T21:02:17+00:00,869b9a8f69ecd3f9dd35009d1373928165b7ecd72ebd2cd67fbf520d86c5bf90,"Completed under this dataset protocol; compare methods within the same dataset, tokenizer, vocabulary, parameter count, and token budget."
openwebtext_streaming,real_nonfallback,streaming_sample,hdqspp_v3,3,completed_training,40960,2048,2ef25bf78b87afde1dfa665b9e99587b304175731dfa3c9da0afefdc7a4af7f3,117,10741632,165.53909520745566,5.109207391738892,0.8602150537634409,0.139785,train:openwebtext_streaming:small:hdqspp_v3:3:completed_training:2026-06-04T21:02:23+00:00,30076b237cf6a983642a0e7e2186223c96dea68e0dead88aa910b19b51744f36,"Completed under this dataset protocol; compare methods within the same dataset, tokenizer, vocabulary, parameter count, and token budget."
openwebtext_streaming,real_nonfallback,streaming_sample,random_same_keep_rate,1,completed_training,40960,2048,2ef25bf78b87afde1dfa665b9e99587b304175731dfa3c9da0afefdc7a4af7f3,117,10741632,460.26693378421487,6.1318066120147705,0.6021505376344086,0.397849,train:openwebtext_streaming:small:random_same_keep_rate:1:completed_training:2026-06-04T21:02:09+00:00,8f8d2dafa0b6f1bdd61610157b8139c7a95fbeb3042f192c9d2e93d5d6ea1738,"Completed under this dataset protocol; compare methods within the same dataset, tokenizer, vocabulary, parameter count, and token budget."
openwebtext_streaming,real_nonfallback,streaming_sample,random_same_keep_rate,2,completed_training,40960,2048,2ef25bf78b87afde1dfa665b9e99587b304175731dfa3c9da0afefdc7a4af7f3,117,10741632,118.11355587437134,4.771646499633789,0.6021505376344086,0.397849,train:openwebtext_streaming:small:random_same_keep_rate:2:completed_training:2026-06-04T21:02:14+00:00,4988354a80f585af9c8a4b47437788c91c3fa6a3a460baa8c7f79136ba3211f1,"Completed under this dataset protocol; compare methods within the same dataset, tokenizer, vocabulary, parameter count, and token budget."
openwebtext_streaming,real_nonfallback,streaming_sample,random_same_keep_rate,3,completed_training,40960,2048,2ef25bf78b87afde1dfa665b9e99587b304175731dfa3c9da0afefdc7a4af7f3,117,10741632,82.1373745255003,4.408393144607544,0.6021505376344086,0.397849,train:openwebtext_streaming:small:random_same_keep_rate:3:completed_training:2026-06-04T21:02:20+00:00,b9fe00e7693f519f0da0c57c491c84e7ac615bd4eac4cb84717fe3eae66d4bc3,"Completed under this dataset protocol; compare methods within the same dataset, tokenizer, vocabulary, parameter count, and token budget."
openwebtext_streaming,real_nonfallback,streaming_sample,raw,1,completed_training,40960,2048,2ef25bf78b87afde1dfa665b9e99587b304175731dfa3c9da0afefdc7a4af7f3,117,10741632,245.90505756685639,5.504945516586304,1.0,0.000000,train:openwebtext_streaming:small:raw:1:completed_training:2026-06-04T21:02:07+00:00,98ac3246e64f403b2c8161724df75465c2f6926a94ecbc2473327007b36edc55,"Completed under this dataset protocol; compare methods within the same dataset, tokenizer, vocabulary, parameter count, and token budget."
openwebtext_streaming,real_nonfallback,streaming_sample,raw,2,completed_training,40960,2048,2ef25bf78b87afde1dfa665b9e99587b304175731dfa3c9da0afefdc7a4af7f3,117,10741632,77.00285556368391,4.343842506408691,1.0,0.000000,train:openwebtext_streaming:small:raw:2:completed_training:2026-06-04T21:02:13+00:00,4b4567aca72277196406bab6567e03a672bca27954375409874051fedf241b62,"Completed under this dataset protocol; compare methods within the same dataset, tokenizer, vocabulary, parameter count, and token budget."
openwebtext_streaming,real_nonfallback,streaming_sample,raw,3,completed_training,40960,2048,2ef25bf78b87afde1dfa665b9e99587b304175731dfa3c9da0afefdc7a4af7f3,117,10741632,77.71548451825461,4.353054523468018,1.0,0.000000,train:openwebtext_streaming:small:raw:3:completed_training:2026-06-04T21:02:19+00:00,f5442b02cd94817da8dbfa2bb878a30d8ca397e25aaa7b2c03d541ae4cc31612,"Completed under this dataset protocol; compare methods within the same dataset, tokenizer, vocabulary, parameter count, and token budget."
wikitext2_paper,real_local_nonfallback,official_split,dedup_only,1,completed_training,1228800,53248,1ea189d583a09abd7baad7a9d2fd15c6800e31c1740d05f3a604f140adc2d84d,283,10854528,12.119296511811687,2.494798935376681,0.9920508744038156,0.007949,train:wikitext2_paper:small:dedup_only:1:completed_training:2026-06-04T11:56:53+00:00,cf75a8db0ff908c5508d0f530eba5ba4096bd31386bba11a54e9d88f0719ac6a,"Completed under this dataset protocol; compare methods within the same dataset, tokenizer, vocabulary, parameter count, and token budget."
wikitext2_paper,real_local_nonfallback,official_split,dedup_only,2,completed_training,1228800,53248,1ea189d583a09abd7baad7a9d2fd15c6800e31c1740d05f3a604f140adc2d84d,283,10854528,13.612351212515335,2.6109775579892673,0.9920508744038156,0.007949,train:wikitext2_paper:small:dedup_only:2:completed_training:2026-06-04T12:00:14+00:00,214fbeda6b62d47d8e06738bc12169fb6ba1674a2efd669ab79142b4c0516aa0,"Completed under this dataset protocol; compare methods within the same dataset, tokenizer, vocabulary, parameter count, and token budget."
wikitext2_paper,real_local_nonfallback,official_split,dedup_only,3,completed_training,1228800,53248,1ea189d583a09abd7baad7a9d2fd15c6800e31c1740d05f3a604f140adc2d84d,283,10854528,12.446555033958242,2.521443880521334,0.9920508744038156,0.007949,train:wikitext2_paper:small:dedup_only:3:completed_training:2026-06-04T12:04:10+00:00,1375241700a419dae3163e3cb443d71f64eb02ca6f6ebdd67bebf3c02b00e89b,"Completed under this dataset protocol; compare methods within the same dataset, tokenizer, vocabulary, parameter count, and token budget."
wikitext2_paper,real_local_nonfallback,official_split,hdqspp_v3,1,completed_training,1228800,53248,1ea189d583a09abd7baad7a9d2fd15c6800e31c1740d05f3a604f140adc2d84d,283,10854528,13.522396137594022,2.604347284023578,0.8505564387917329,0.149444,train:wikitext2_paper:small:hdqspp_v3:1:completed_training:2026-06-04T13:42:25+00:00,79da1b24344fd42f2d29158f6c6a1c25d24ea790de74e19e5d9ced7a1ee24c77,"Completed under this dataset protocol; compare methods within the same dataset, tokenizer, vocabulary, parameter count, and token budget."
wikitext2_paper,real_local_nonfallback,official_split,hdqspp_v3,2,completed_training,1228800,53248,1ea189d583a09abd7baad7a9d2fd15c6800e31c1740d05f3a604f140adc2d84d,283,10854528,13.515374621943122,2.603827898318951,0.8505564387917329,0.149444,train:wikitext2_paper:small:hdqspp_v3:2:completed_training:2026-06-04T13:43:20+00:00,0164ed0b49f3aed5adc801a9d6c7fbe91659018c9b3e148c2304060586fe9c05,"Completed under this dataset protocol; compare methods within the same dataset, tokenizer, vocabulary, parameter count, and token budget."
wikitext2_paper,real_local_nonfallback,official_split,hdqspp_v3,3,completed_training,1228800,53248,1ea189d583a09abd7baad7a9d2fd15c6800e31c1740d05f3a604f140adc2d84d,283,10854528,12.664383213422374,2.538793582182664,0.8505564387917329,0.149444,train:wikitext2_paper:small:hdqspp_v3:3:completed_training:2026-06-04T13:44:15+00:00,6814d5243833e0e5c9ca427234d0a424cd83ff25dd3d572a379e9f57fe27a588,"Completed under this dataset protocol; compare methods within the same dataset, tokenizer, vocabulary, parameter count, and token budget."
wikitext2_paper,real_local_nonfallback,official_split,random_same_keep_rate,1,completed_training,1228800,53248,1ea189d583a09abd7baad7a9d2fd15c6800e31c1740d05f3a604f140adc2d84d,283,10854528,12.109757474784752,2.4940115305093618,0.5993640699523053,0.400636,train:wikitext2_paper:small:random_same_keep_rate:1:completed_training:2026-06-04T11:55:52+00:00,764a39ceddeb4708c0c8e00008e2bf3a252c4483937088a83d1b22251f10d9cf,"Completed under this dataset protocol; compare methods within the same dataset, tokenizer, vocabulary, parameter count, and token budget."
wikitext2_paper,real_local_nonfallback,official_split,random_same_keep_rate,2,completed_training,1228800,53248,1ea189d583a09abd7baad7a9d2fd15c6800e31c1740d05f3a604f140adc2d84d,283,10854528,13.384315650741982,2.594083547592163,0.5993640699523053,0.400636,train:wikitext2_paper:small:random_same_keep_rate:2:completed_training:2026-06-04T11:59:08+00:00,c12dad3bc7fef5f6c5abb9419679852d9ed57f795fb199ae756d86eb66a3fee4,"Completed under this dataset protocol; compare methods within the same dataset, tokenizer, vocabulary, parameter count, and token budget."
wikitext2_paper,real_local_nonfallback,official_split,random_same_keep_rate,3,completed_training,1228800,53248,1ea189d583a09abd7baad7a9d2fd15c6800e31c1740d05f3a604f140adc2d84d,283,10854528,12.62334827354805,2.53554813678448,0.5993640699523053,0.400636,train:wikitext2_paper:small:random_same_keep_rate:3:completed_training:2026-06-04T12:03:00+00:00,9109efa6913cc18aff8ebc856e0bec100e839a82e0a6ee743674070ebe1380d1,"Completed under this dataset protocol; compare methods within the same dataset, tokenizer, vocabulary, parameter count, and token budget."
wikitext2_paper,real_local_nonfallback,official_split,raw,1,completed_training,1228800,53248,1ea189d583a09abd7baad7a9d2fd15c6800e31c1740d05f3a604f140adc2d84d,283,10854528,12.700065147234092,2.5416071231548605,1.0,0.000000,train:wikitext2_paper:small:raw:1:completed_training:2026-06-04T11:55:23+00:00,4b666aeba0c5a616d3cadff2cf739b8479bfb63f9970a237c0279d95cb055d58,"Completed under this dataset protocol; compare methods within the same dataset, tokenizer, vocabulary, parameter count, and token budget."
wikitext2_paper,real_local_nonfallback,official_split,raw,2,completed_training,1228800,53248,1ea189d583a09abd7baad7a9d2fd15c6800e31c1740d05f3a604f140adc2d84d,283,10854528,11.311079746470925,2.4257827538710375,1.0,0.000000,train:wikitext2_paper:small:raw:2:completed_training:2026-06-04T11:58:40+00:00,9fb7fc4d342d6e0f84ecce28b3ef4c3a02281280238d8f5296d996eb7d90dc6f,"Completed under this dataset protocol; compare methods within the same dataset, tokenizer, vocabulary, parameter count, and token budget."
wikitext2_paper,real_local_nonfallback,official_split,raw,3,completed_training,1228800,53248,1ea189d583a09abd7baad7a9d2fd15c6800e31c1740d05f3a604f140adc2d84d,283,10854528,13.853156799768039,2.628513134442843,1.0,0.000000,train:wikitext2_paper:small:raw:3:completed_training:2026-06-04T12:02:26+00:00,f1bc38774589c5badbe50557a20dc4c6a0a4bb453f75be048d408575c7d0ca53,"Completed under this dataset protocol; compare methods within the same dataset, tokenizer, vocabulary, parameter count, and token budget."
