char_entropy,component_char_entropy,component_duplicate_cluster_penalty,component_language_consistency,component_length_prior,component_lexical_diversity,component_ngram_repetition_penalty,component_non_linguistic_symbol_penalty,component_optional_lm_surprisal,component_pii_density_penalty,component_repetition_penalty,component_token_entropy,component_url_html_noise_penalty,dev_loss_proxy,document_index,error_type,excerpt,hdqspp_score,hdqspp_v2_score,information_density,kept_by_hdqspp,kept_by_hdqspp_v2,length_chars,repetition_rate,split,symbol_fraction,token_count,token_diversity,token_entropy,trigram_repetition_rate,v2_component_char_entropy,v2_component_duplicate_cluster_penalty,v2_component_language_consistency,v2_component_length_prior,v2_component_lexical_diversity,v2_component_ngram_repetition_penalty,v2_component_non_linguistic_symbol_penalty,v2_component_optional_lm_surprisal,v2_component_pii_density_penalty,v2_component_repetition_penalty,v2_component_token_entropy,v2_component_url_html_noise_penalty,v2_component_v2_base_quality,v2_component_v2_length_bin,v2_component_v2_length_distribution_match,v2_component_v2_quality_diversity_balance,v2_component_v2_repetition_capped,v2_component_v2_token_frequency_preservation
3.5916358740112986,0.7183271748022597,1.0,1.0,1.0,0.3333333333333333,0.75,0.0,1.0,1.0,0.6,0.1147869792568112,0.0,4.688738206053402,234,v1_dropped_low_proxy_loss,"= <unk> points , <unk> = <unk> points , <unk>",0.5483153154633715,0.6715470579877822,0.3060986113514965,False,False,45.0,0.4,train,0.26666666666666666,6.0,0.3333333333333333,0.9182958340544896,0.25,0.7183271748022597,1.0,1.0,1.0,0.3333333333333333,0.75,0.0,1.0,1.0,0.6,0.1147869792568112,0.0,0.5724771492730354,0-1327,0.8186057994629988,0.3982686527840538,0.6,1.0
4.4798001953651685,0.8959600390730337,1.0,1.0,0.0,0.35424354243542433,0.8833333333333333,0.8621951219512195,1.0,1.0,0.7060998151571165,0.7907819299827787,0.0,8.265984554263952,203,v1_dropped_low_proxy_loss,"= Hope Highway = The Hope Highway , also known as the Hope Road <unk> , is a Forest Highway located in the Kenai Peninsula Borough , in the U.S. state of Alaska . The highway connects the city of Hope to the Seward Highw",0.6577844224983147,0.7583114137487977,2.24103513736817,False,True,3280.0,0.2939001848428835,train,0.034451219512195125,542.0,0.35424354243542433,6.32625543986223,0.1166666666666667,0.8959600390730337,1.0,1.0,0.0,0.35424354243542433,0.8833333333333333,0.8621951219512195,1.0,1.0,0.7060998151571165,0.7907819299827787,0.0,0.7026791670789242,0-1327,0.9720134467203956,0.637595951644013,0.7060998151571165,0.7915129151291513
4.6408910146264795,0.9281782029252958,1.0,1.0,0.0,0.30446194225721784,0.9281332164767747,0.7540908395779171,1.0,1.0,0.7364273204903677,0.8954052103630841,0.0,8.362833153195995,575,v1_dropped_low_proxy_loss,= M @-@ 47 ( Michigan highway ) = M @-@ 47 is a north – south state trunkline highway in the US state of Michigan . It runs near Saginaw and Midland in the Tri @-@ Cities area of the Lower Peninsula . The highway runs th,0.6620963149148112,0.77493273870776,2.180934475635018,False,True,6539.0,0.26357267950963226,train,0.06147729010552072,1143.0,0.30446194225721784,7.163241682904673,0.07186678352322529,0.9281782029252958,1.0,1.0,0.0,0.30446194225721784,0.9281332164767747,0.7540908395779171,1.0,1.0,0.7364273204903677,0.8954052103630841,0.0,0.7141271980417464,0-1327,0.998285704819259,0.6570303871759486,0.7364273204903677,0.8022747156605424
4.478480388719643,0.8956960777439287,1.0,1.0,0.0,0.23433970014376668,0.9204848982946373,0.8682476943346509,1.0,1.0,0.7210353327855382,1.0,0.0,8.542873275739408,591,v1_dropped_low_proxy_loss,= 2 / 4th Machine Gun Battalion ( Australia ) = The 2 / 4th Machine Gun Battalion was an Australian Army unit raised for service with the all volunteer Second Australian Imperial Force ( 2nd AIF ) during the Second World,0.6689912554222636,0.7744160490121763,1.9648876634821604,False,True,30360.0,0.2789646672144618,train,0.03293807641633729,4869.0,0.23433970014376668,8.384783552580753,0.07951510170536269,0.8956960777439287,1.0,1.0,0.0,0.23433970014376668,0.9204848982946373,0.8682476943346509,1.0,1.0,0.7210353327855382,1.0,0.0,0.716437629070908,4487-1000000000,1.0,0.6668037395713957,0.7210353327855382,0.791538303553091
4.542540461723784,0.9085080923447568,1.0,1.0,0.0,0.28805237315875615,0.7963875205254516,0.856241426611797,1.0,1.0,0.6262295081967213,0.8135293837112559,0.0,8.609188495261092,266,v1_dropped_low_proxy_loss,"= New Jersey Route 65 = Route 65 is a former state highway in the city of Newark , New Jersey . The route went for 4 @.@ 12 miles ( 6 @.@ 63 km ) along Port Street and Doremus Avenue through the industrial districts of t",0.6340929877821943,0.7429652177467427,1.8747125568992609,False,False,3645.0,0.3737704918032787,train,0.035939643347050756,611.0,0.28805237315875615,6.5082350696900475,0.2036124794745484,0.9085080923447568,1.0,1.0,0.0,0.28805237315875615,0.7963875205254516,0.856241426611797,1.0,1.0,0.6262295081967213,0.8135293837112559,0.0,0.6857224588398416,0-1327,0.9762309225302663,0.6182566686374239,0.6262295081967213,0.7921440261865794
4.453960350477767,0.8907920700955534,1.0,1.0,0.0,0.3621837549933422,0.8731642189586115,0.8145635459068294,1.0,1.0,0.74,0.895892727695088,0.0,8.625091957770639,276,v1_dropped_low_proxy_loss,"= St Mary 's Church , Rhodogeidio = St Mary 's Church , Rhodogeidio is a small medieval church , dating from the 15th century , near <unk> @-@ y @-@ <unk> , in Anglesey , north Wales . It served as a chapel of ease to an",0.6652467114398374,0.7730239752652979,2.5958223375026783,False,True,4422.0,0.26,train,0.046359113523292625,751.0,0.3621837549933422,7.167141821560704,0.12683578104138848,0.8907920700955534,1.0,1.0,0.0,0.3621837549933422,0.8731642189586115,0.8145635459068294,1.0,1.0,0.74,0.895892727695088,0.0,0.7175318941604689,0-1327,0.983493884780754,0.6732850677523421,0.74,0.7842876165113183
4.319813855345883,0.8639627710691766,1.0,1.0,1.0,0.5555555555555556,0.8,0.2832369942196532,1.0,1.0,0.7307692307692307,0.38593709513777674,0.0,8.655852417781032,130,v1_dropped_low_proxy_loss,= De <unk> a <unk> : interviews with persons affected by the 2010 Haiti earthquake = <unk> <unk> <unk> <unk> <unk> <unk> <unk> a <unk> . United States : <unk> . ISBN <unk> .,0.6593372445872047,0.731747110195444,1.715275978390119,False,False,173.0,0.2692307692307693,train,0.1791907514450867,27.0,0.5555555555555556,3.087496761102214,0.19999999999999996,0.8639627710691766,1.0,1.0,1.0,0.5555555555555556,0.8,0.2832369942196532,1.0,1.0,0.7307692307692307,0.38593709513777674,0.0,0.6888162898062616,0-1327,0.8674815571550226,0.579781307576464,0.7307692307692307,0.8148148148148148
4.58658858237915,0.91731771647583,1.0,1.0,0.0,0.3152064451158107,0.9334006054490414,0.797986577181208,1.0,1.0,0.7540322580645161,0.8897547365535816,0.0,8.676285110699242,627,v1_dropped_low_proxy_loss,= M @-@ 81 ( Michigan highway ) = M @-@ 81 is a state trunkline highway in the Lower Peninsula of the US state of Michigan . The trunkline travels from the city of Saginaw at the junction with M @-@ 13 to the junction wi,0.6689752111172067,0.7756799484505471,2.243651420272073,False,True,5960.0,0.24596774193548387,train,0.05050335570469799,993.0,0.3152064451158107,7.118037892428653,0.06659939455095865,0.91731771647583,1.0,1.0,0.0,0.3152064451158107,0.9334006054490414,0.797986577181208,1.0,1.0,0.7540322580645161,0.8897547365535816,0.0,0.7170675445058561,0-1327,0.9933304533490768,0.6597740676702761,0.7540322580645161,0.7945619335347432
4.462799389521589,0.8925598779043178,1.0,1.0,0.0,0.30152949745083757,0.9008023340627279,0.8033286748824799,1.0,1.0,0.7230320699708455,0.9165008536628397,0.0,8.8024381035316,224,v1_dropped_low_proxy_loss,"= St Peulan 's Church , Llanbeulan = St Peulan 's Church , Llanbeulan is a disused medieval church in Llanbeulan , in Anglesey , north Wales . The nave , which is the oldest part of the building , dates from the 12th cen",0.6603431385910953,0.7682857297315469,2.2108163345457577,False,True,7871.0,0.27696793002915454,train,0.04916783127938,1373.0,0.30152949745083757,7.332006829302718,0.09919766593727208,0.8925598779043178,1.0,1.0,0.0,0.30152949745083757,0.9008023340627279,0.8033286748824799,1.0,1.0,0.7230320699708455,0.9165008536628397,0.0,0.7111286410408437,1327-1869,1.0,0.6600719082988411,0.7230320699708455,0.774217042971595
4.613296596689974,0.9226593193379948,1.0,1.0,0.0,0.2721991701244813,0.9240033222591362,0.8129997949559156,1.0,1.0,0.7231216272312163,0.9773187097092495,0.0,8.81747997333541,303,v1_dropped_low_proxy_loss,"= M @-@ 5 ( Michigan highway ) = M @-@ 5 , commonly referred to as Grand River Avenue and the northern section as the Haggerty Connector , is a 20 @.@ <unk> @-@ mile @-@ long ( 33 @.@ 486 km ) state trunkline highway in ",0.6687525193719907,0.7743217990890174,2.1282027338398923,False,True,14631.0,0.2768783727687837,train,0.04675005126102112,2410.0,0.2721991701244813,7.818549677673996,0.07599667774086383,0.9226593193379948,1.0,1.0,0.0,0.2721991701244813,0.9240033222591362,0.8129997949559156,1.0,1.0,0.7231216272312163,0.9773187097092495,0.0,0.7208576957493252,1869-2952,1.0,0.6728083178330952,0.7231216272312163,0.775103734439834
4.648541283806842,0.9297082567613684,1.0,0.9999492694805194,0.0,0.22992540587977184,0.9102282704126426,0.8331805010453729,1.0,1.0,0.7140662716699583,1.0,0.0,8.842857632915292,582,v1_dropped_low_proxy_loss,= Wales national rugby union team = The Wales national rugby union team ( Welsh : <unk> <unk> <unk> <unk> <unk> Cymru ) represent Wales in international rugby union . They compete annually in the Six Nations Championship,0.6664584771333127,0.7712369937296187,1.9084477717450754,False,True,27263.0,0.2859337283300417,train,0.041704874738656784,4558.0,0.22992540587977184,8.300290976730967,0.08977172958735735,0.9297082567613684,1.0,0.9999492694805194,0.0,0.22992540587977184,0.9102282704126426,0.8331805010453729,1.0,1.0,0.7140662716699583,1.0,0.0,0.7177562178711882,4487-1000000000,1.0,0.6663594604055371,0.7140662716699583,0.7742430890741553
4.642480818885418,0.9284961637770837,1.0,0.9999254176610979,0.0,0.2733981885273398,0.8741188318227593,0.8247405699225827,1.0,1.0,0.6865771812080537,0.997390130103289,0.0,8.87767498797527,497,v1_dropped_low_proxy_loss,"= 2nd Battalion 9th Marines = 2nd Battalion , 9th Marines ( 2 / 9 ) was an infantry battalion of the United States Marine Corps . Formed during World War I , the unit played an instrumental role in the defeat of the Japa",0.6623636720475137,0.7728456901035029,2.1814772386022963,False,True,18213.0,0.31342281879194633,train,0.04381485751935431,2981.0,0.2733981885273398,7.979121040826312,0.1258811681772407,0.9284961637770837,1.0,0.9999254176610979,0.0,0.2733981885273398,0.8741188318227593,0.8247405699225827,1.0,1.0,0.6865771812080537,0.997390130103289,0.0,0.7192836103483417,2952-4487,1.0,0.677338884831828,0.6865771812080537,0.7832941965783294
4.58395544349148,0.9167910886982961,1.0,1.0,0.0,0.27768595041322314,0.8874793160507446,0.831951354339414,1.0,1.0,0.705071664829107,0.9490466831981293,0.0,8.986387518156675,44,v1_dropped_low_proxy_loss,"= Rhode Island Route 4 = Route 4 , also known as the Colonel Rodman Highway , is a 10 @.@ 37 @-@ mile ( 16 @.@ 69 km ) long numbered state highway located in Washington County and southern Kent County , Rhode Island , Un",0.6622181857487776,0.7735316808325108,2.108295441683117,False,True,10854.0,0.294928335170893,train,0.04201216141514649,1815.0,0.27768595041322314,7.592373465585035,0.1125206839492554,0.9167910886982961,1.0,1.0,0.0,0.27768595041322314,0.8874793160507446,0.831951354339414,1.0,1.0,0.705071664829107,0.9490466831981293,0.0,0.7142693027802998,1327-1869,1.0,0.663817809792988,0.705071664829107,0.8011019283746557
4.53473906859996,0.9069478137199919,1.0,1.0,0.0,0.16470876162506118,0.8953488372093024,0.862739043619671,1.0,1.0,0.6414147595153592,1.0,0.0,8.998727621991836,555,v1_dropped_low_proxy_loss,"= Landing at Anzac Cove = The landing at Anzac Cove on Sunday , 25 April 1915 , also known as the landing at Gaba Tepe , and to the Turks as the <unk> Battle , was part of the amphibious invasion of the Gallipoli Peninsu",0.649345269749387,0.7530438685008971,1.3894352676834265,False,True,48579.0,0.3585852404846408,train,0.03431523909508224,8172.0,0.16470876162506118,8.43570951523697,0.10465116279069764,0.9069478137199919,1.0,1.0,0.0,0.16470876162506118,0.8953488372093024,0.862739043619671,1.0,1.0,0.6414147595153592,1.0,0.0,0.6993999371194247,4487-1000000000,1.0,0.6408771589659777,0.6414147595153592,0.7681106216348507
4.441542320770738,0.8883084641541477,1.0,1.0,0.0,0.24601854052769195,0.9139120095124852,0.8425777887098758,1.0,1.0,0.714455539705183,1.0,0.0,9.039245478818815,260,v1_dropped_low_proxy_loss,"= Lady in the Lake trial = The Lady in the Lake trial was a 2005 murder case in which Gordon Park ( 25 January 1944 – 25 January 2010 ) a retired teacher from <unk> , near Barrow @-@ in @-@ Furness , Cumbria , England , ",0.6652662249511161,0.7677154775013735,2.020585441641077,False,True,24393.0,0.28554446029481695,train,0.03935555282253105,4207.0,0.24601854052769195,8.213142949743006,0.08608799048751481,0.8883084641541477,1.0,1.0,0.0,0.24601854052769195,0.9139120095124852,0.8425777887098758,1.0,1.0,0.714455539705183,1.0,0.0,0.7152277096021217,2952-4487,1.0,0.6691184899329837,0.714455539705183,0.7582600427858331
4.582709919211112,0.9165419838422224,1.0,1.0,0.0,0.33104631217838765,0.9122203098106713,0.835780641294576,1.0,1.0,0.7491408934707904,0.8409834290109048,0.0,9.045469195919608,187,v1_dropped_low_proxy_loss,= M @-@ 114 ( Michigan highway ) = M @-@ 114 was the designation of a former state trunkline highway and planned <unk> in the US state of Michigan around the city of Grand Rapids . It was designated by the end of 1929 on,0.6675774644741437,0.7670064225344335,2.227235702217559,False,True,3337.0,0.2508591065292096,train,0.04105483967635601,583.0,0.33104631217838765,6.727867432087239,0.08777969018932874,0.9165419838422224,1.0,1.0,0.0,0.33104631217838765,0.9122203098106713,0.835780641294576,1.0,1.0,0.7491408934707904,0.8409834290109048,0.0,0.7127004584721855,0-1327,0.9745798191860144,0.6493576645334159,0.7491408934707904,0.7855917667238422
4.497846599076236,0.8995693198152471,1.0,1.0,0.0,0.3404568901989683,0.8988929889298893,0.8100979653353428,1.0,1.0,0.7308259587020649,0.9237066257851716,0.0,9.05164659000262,290,v1_dropped_low_proxy_loss,"= St Caffo 's Church , Llangaffo = St Caffo 's Church , Llangaffo is a 19th @-@ century church , in the south of Anglesey , north Wales , about 5 miles ( 8 @.@ 0 km ) from the county town , <unk> . It was constructed in ",0.6671485929816601,0.7740460371757832,2.515858282168013,False,True,7962.0,0.2691740412979351,train,0.04747550866616428,1357.0,0.3404568901989683,7.389653006281373,0.10110701107011066,0.8995693198152471,1.0,1.0,0.0,0.3404568901989683,0.8988929889298893,0.8100979653353428,1.0,1.0,0.7308259587020649,0.9237066257851716,0.0,0.7198360130828432,1327-1869,1.0,0.6759588855374565,0.7308259587020649,0.7700810611643331
4.624080045207097,0.9248160090414194,1.0,1.0,0.0,0.19965576592082615,0.9095320081389889,0.8695594303207773,1.0,1.0,0.6788732394366197,1.0,0.0,9.09345321201861,324,v1_dropped_low_proxy_loss,"= England national rugby union team = The England national rugby union team represents England in rugby union . They compete in the annual Six Nations Championship with France , Ireland , Scotland , Italy , and Wales . T",0.6618467780295527,0.7648968349028995,1.6775685764724388,False,True,37565.0,0.3211267605633803,train,0.03261014241980567,6391.0,0.19965576592082615,8.402304680435233,0.09046799186101107,0.9248160090414194,1.0,1.0,0.0,0.19965576592082615,0.9095320081389889,0.8695594303207773,1.0,1.0,0.6788732394366197,1.0,0.0,0.7112413700405468,4487-1000000000,1.0,0.65553462650048,0.6788732394366197,0.7782819590048505
4.544558500069347,0.9089117000138695,1.0,1.0,0.0,0.26011342155009454,0.905788876276958,0.862060332957817,1.0,1.0,0.7031013615733737,0.966725997425618,0.0,9.11639513398793,154,v1_dropped_low_proxy_loss,= 766th Independent Infantry Regiment ( North Korea ) = The 766th Independent Infantry Regiment ( Korean : <unk> ) was a light infantry unit of North Korea 's Korean People 's Army ( KPA ) that existed briefly during the,0.6657435611004713,0.7685004469717718,2.011667255134443,False,True,15978.0,0.29689863842662634,train,0.03448491676054575,2645.0,0.26011342155009454,7.733807979404944,0.09421112372304197,0.9089117000138695,1.0,1.0,0.0,0.26011342155009454,0.905788876276958,0.862060332957817,1.0,1.0,0.7031013615733737,0.966725997425618,0.0,0.7151365880326638,1869-2952,1.0,0.66427814876026,0.7031013615733737,0.7716446124763705
4.593978465963949,0.9187956931927899,1.0,1.0,0.0,0.24292633188886056,0.8895689875031879,0.8600298812613038,1.0,1.0,0.7044875063742988,1.0,0.0,9.18721169291742,578,v1_dropped_low_proxy_loss,"= 130th Engineer Brigade ( United States ) = The 130th Engineer Brigade is an engineer brigade of the United States Army based in Schofield Barracks , Hawaii . It provides engineering support to the United States Army Pa",0.6660361889931357,0.7667644807631024,1.9604841526914498,False,True,25434.0,0.2955124936257012,train,0.034992529684674055,3923.0,0.24292633188886056,8.070282613859977,0.11043101249681209,0.9187956931927899,1.0,1.0,0.0,0.24292633188886056,0.8895689875031879,0.8600298812613038,1.0,1.0,0.7044875063742988,1.0,0.0,0.7174438029169372,2952-4487,1.0,0.6694534844306838,0.7044875063742988,0.7519755289319399
4.51097590860232,0.902195181720464,1.0,1.0,0.0,0.2907904278462654,0.9397240377632534,0.8270676691729324,1.0,1.0,0.7822931785195936,0.9285475850578276,0.0,11.375765710432487,620,v1_kept_low_score,"= Midge ( Barbie ) = Midge <unk> is a fictional doll character in the Barbie line of toys by Mattel that was first released in 1963 . Midge was created , along with <unk> , to counteract criticism that claimed Barbie was",0.6754690323086375,0.7621008356869968,2.1601019962766577,True,False,7980.0,0.21770682148040643,train,0.043233082706766915,1379.0,0.2907904278462654,7.428380680462621,0.06027596223674658,0.902195181720464,1.0,1.0,0.0,0.2907904278462654,0.9397240377632534,0.8270676691729324,1.0,1.0,0.7822931785195936,0.9285475850578276,0.0,0.720343223816831,1327-1869,1.0,0.6650061151344387,0.7822931785195936,0.6881798404641044
4.505880769800135,0.901176153960027,1.0,0.9989734113540705,0.0,0.2521427458313854,0.9448168355416992,0.8323075734555662,1.0,1.0,0.7621571072319202,1.0,0.0,11.58930849083487,491,v1_kept_low_score,"= Kakapo = The kakapo ( Māori : kākāpō or night parrot ) , <unk> <unk> ( Gray , 1845 ) , also called owl parrot , is a species of large , flightless , nocturnal , ground @-@ dwelling parrot of the super @-@ family <unk> ",0.6755641771569411,0.7607875820853123,2.183813244030921,True,True,38833.0,0.2378428927680798,train,0.041923106636108466,6417.0,0.2521427458313854,8.661019522216575,0.05518316445830085,0.901176153960027,1.0,0.9989734113540705,0.0,0.2521427458313854,0.9448168355416992,0.8323075734555662,1.0,1.0,0.7621571072319202,1.0,0.0,0.7229037479122327,4487-1000000000,1.0,0.6744875604139626,0.7621571072319202,0.6764843384759234
4.429221975788173,0.8858443951576346,1.0,1.0,0.0,0.2550607287449393,0.9563456345634563,0.8350609756097561,1.0,1.0,0.7604049493813273,1.0,0.0,11.315552112467287,66,v1_kept_low_score,"= Nicole Franklin = Nicole Franklin is a fictional character from the Australian Channel Seven soap opera Home and Away , played by Tessa James . She debuted on @-@ screen during the episode airing on 18 April 2008 . Nic",0.6755957314562766,0.761916481489667,2.1417254967176027,True,True,26240.0,0.2395950506186727,train,0.04123475609756098,4446.0,0.2550607287449393,8.396923772845204,0.04365436543654366,0.8858443951576346,1.0,1.0,0.0,0.2550607287449393,0.9563456345634563,0.8350609756097561,1.0,1.0,0.7604049493813273,1.0,0.0,0.722033951319282,2952-4487,1.0,0.6747821578458759,0.7604049493813273,0.6853351327035537
4.663742010760393,0.9327484021520785,1.0,1.0,0.0,0.3501199040767386,0.9447115384615384,0.7443137254901961,1.0,1.0,0.7923169267707083,0.8989899213824353,0.0,11.261194433303265,157,v1_kept_low_score,"= WASP @-@ 13b = WASP @-@ 13b is an extrasolar planet that was discovered in 2008 in the orbit of the <unk> star WASP @-@ 13 . The planet has a mass of nearly half that of Jupiter , but a radius five @-@ <unk> the size o",0.6756221951110633,0.7649809739014202,2.518034120322984,True,True,5100.0,0.2076830732292917,train,0.06392156862745098,834.0,0.3501199040767386,7.191919371059482,0.055288461538461564,0.9327484021520785,1.0,1.0,0.0,0.3501199040767386,0.9447115384615384,0.7443137254901961,1.0,1.0,0.7923169267707083,0.8989899213824353,0.0,0.7271399417739457,0-1327,0.9871850684062673,0.6758474272517664,0.7923169267707083,0.6882494004796164
4.739603318097507,0.9479206636195014,1.0,1.0,0.0,0.3413400758533502,0.919620253164557,0.7307456588355465,1.0,1.0,0.7760910815939279,0.9662037822340804,0.0,10.922999221770555,433,v1_kept_low_score,"= Christine Hakim = <unk> Christine <unk> Hakim ( born 25 December 1956 ) , also known by the popular name Christine Hakim , is an Indonesian actress , film producer , and activist . Born to a devout Muslim family of a m",0.6756640901359515,0.7718526617589369,2.638432578540599,True,True,9790.0,0.22390891840607208,train,0.06731358529111338,1582.0,0.3413400758533502,7.7296302578726435,0.08037974683544302,0.9479206636195014,1.0,1.0,0.0,0.3413400758533502,0.919620253164557,0.7307456588355465,1.0,1.0,0.7760910815939279,0.9662037822340804,0.0,0.7337265153819881,1327-1869,1.0,0.6937492222128516,0.7760910815939279,0.6915297092288243
4.549151551171216,0.9098303102342433,1.0,0.9984805730410246,0.0,0.31843862352336927,0.9424164524421594,0.7933190719104821,1.0,1.0,0.7672147995889003,0.9520400474217752,0.0,11.8785457232903,446,v1_kept_low_score,"= Languedoc @-@ Roussillon wine = Languedoc @-@ Roussillon wine , including the <unk> de pays labeled Vin de Pays d 'Oc , is produced in southern France . While "" Languedoc "" can refer to a specific historic region of Fr",0.6757094016981593,0.7606003115133653,2.4253305779209064,True,False,12154.0,0.23278520041109974,train,0.05167023202237946,1947.0,0.31843862352336927,7.616320379374201,0.057583547557840564,0.9098303102342433,1.0,0.9984805730410246,0.0,0.31843862352336927,0.9424164524421594,0.7933190719104821,1.0,1.0,0.7672147995889003,0.9520400474217752,0.0,0.726256679874845,1869-2952,1.0,0.6807480076737087,0.7672147995889003,0.6605033384694402
4.58764815342724,0.9175296306854481,1.0,0.9992864787727435,0.0,0.30662305805396567,0.9517184942716858,0.7390575646232193,1.0,1.0,0.7779141104294478,0.9955469855224325,0.0,13.261848055502231,599,v1_kept_low_score,"= 7 / 2 ) <unk> the <unk> , which is induced by eliminating this local moment ( J = 0 in <unk> + ) . = = = Chemical properties = = = Europium is the most reactive rare earth element . It rapidly oxidizes in air , so that",0.6757301239542314,0.7577253190267812,2.442061289098363,True,False,15513.0,0.2220858895705522,train,0.06523560884419519,2446.0,0.30662305805396567,7.96437588417946,0.048281505728314245,0.9175296306854481,1.0,0.9992864787727435,0.0,0.30662305805396567,0.9517184942716858,0.7390575646232193,1.0,1.0,0.7779141104294478,0.9955469855224325,0.0,0.7305848113372079,1869-2952,1.0,0.6908349165627035,0.7779141104294478,0.6218315617334423
4.6015215956071644,0.9203043191214328,1.0,1.0,0.0,0.3148772267693789,0.9142168674698795,0.7822432151148827,1.0,1.0,0.7620423892100193,0.9998433451566597,0.0,10.325200454919733,181,v1_kept_low_score,"= Polka Party ! = Polka Party ! is the fourth studio album by "" Weird Al "" Yankovic , released in 1986 . The album is the fourth of Yankovic 's to be produced by former The <unk> guitarist Rick <unk> . Recorded between A",0.6757317765891762,0.779198793077901,2.5186231978139832,True,True,12491.0,0.23795761078998068,train,0.05443919622127932,2077.0,0.3148772267693789,7.998746761253278,0.08578313253012049,0.9203043191214328,1.0,1.0,0.0,0.3148772267693789,0.9142168674698795,0.7822432151148827,1.0,1.0,0.7620423892100193,0.9998433451566597,0.0,0.7312757979577098,1869-2952,1.0,0.6943180419603646,0.7620423892100193,0.7438613384689456
4.5077037722972815,0.9015407544594563,1.0,0.9997516761857462,0.0,0.3672055427251732,0.9513888888888888,0.7565281353438764,1.0,1.0,0.793063583815029,0.8942977225443203,0.0,11.541257175841496,513,v1_kept_low_score,"= Inocybe praetervisa = Inocybe praetervisa is a small , yellow and brown mushroom in the <unk> family , distinguished from other members of the genus by its unusual spores and bulb . The unusual spores led to the specie",0.6758071767084092,0.7650577415163345,2.627128644518188,True,True,5438.0,0.20693641618497105,train,0.060867966164030896,866.0,0.3672055427251732,7.154381780354562,0.04861111111111116,0.9015407544594563,1.0,0.9997516761857462,0.0,0.3672055427251732,0.9513888888888888,0.7565281353438764,1.0,1.0,0.793063583815029,0.8942977225443203,0.0,0.7258125698172595,0-1327,0.9885109649721983,0.6782821012260031,0.793063583815029,0.6882217090069284
4.597842300426604,0.9195684600853207,1.0,1.0,0.0,0.27084844089920235,0.9161828737300436,0.8422878004259203,1.0,1.0,0.7493652520856003,1.0,0.0,9.775735674898366,128,v1_kept_low_score,"= Curtis Woodhouse = Curtis Woodhouse ( born 17 April 1980 ) is an English former professional footballer turned professional boxer and football manager . Most recently manager of Hull United , Woodhouse played football ",0.6758226941685476,0.7764406977791075,2.2104955018641963,True,True,16435.0,0.25063474791439966,train,0.039428049893519924,2758.0,0.27084844089920235,8.161374289345988,0.08381712626995641,0.9195684600853207,1.0,1.0,0.0,0.27084844089920235,0.9161828737300436,0.8422878004259203,1.0,1.0,0.7493652520856003,1.0,0.0,0.7261313990133427,1869-2952,1.0,0.680777809731472,0.7493652520856003,0.7567077592458303
4.5560223840482195,0.9112044768096439,1.0,1.0,0.0,0.3905249679897567,0.9319640564826701,0.7641589180050719,1.0,1.0,0.7846153846153846,0.8826758000129735,0.0,10.092956142970916,494,v1_kept_low_score,"= Church of Christ Pantocrator , Nesebar = The Church of Christ Pantocrator ( Bulgarian : <unk> „ <unk> <unk> “ , <unk> „ <unk> <unk> “ or <unk> „ <unk> <unk> “ , <unk> „ <unk> <unk> “ , Byzantine Greek : <unk> <unk> <un",0.6759176591119919,0.7741510066114599,2.7576555083631953,True,True,4732.0,0.2153846153846154,train,0.05896027049873204,781.0,0.3905249679897567,7.061406400103788,0.06803594351732989,0.9112044768096439,1.0,1.0,0.0,0.3905249679897567,0.9319640564826701,0.7641589180050719,1.0,1.0,0.7846153846153846,0.8826758000129735,0.0,0.727671925640342,0-1327,0.984873059582613,0.6821361548208535,0.7846153846153846,0.7387964148527529
4.610515217960125,0.922103043592025,1.0,0.996565147698649,0.0,0.34881320949432404,0.9245087900723888,0.7640374331550802,1.0,1.0,0.7902892561983471,0.9259186863504172,0.0,11.336955326193126,307,v1_kept_low_score,"= Lágrimas Cálidas = Lágrimas Cálidas ( English : Warm Tears ) is the debut studio album by Colombian recording artist Fanny Lu , released on January 1 , 2005 . The record contains ten tracks , most of which were compose",0.6760376593715364,0.7672469525363097,2.583781349733259,True,True,5984.0,0.2097107438016529,train,0.058990641711229946,969.0,0.34881320949432404,7.4073494908033375,0.07549120992761116,0.922103043592025,1.0,0.996565147698649,0.0,0.34881320949432404,0.9245087900723888,0.7640374331550802,1.0,1.0,0.7902892561983471,0.9259186863504172,0.0,0.7282916173028029,0-1327,0.9924687467496274,0.6828287826125867,0.7902892561983471,0.6883384932920537
4.528669954444709,0.9057339908889418,1.0,1.0,0.0,0.2649155722326454,0.9395418700713482,0.8403938333981086,1.0,1.0,0.75,1.0,0.0,9.939602012976032,459,v1_kept_low_score,"= Dave Sisler = David Michael Sisler ( October 16 , 1931 – January 9 , 2011 ) was a professional baseball pitcher who played in Major League Baseball ( MLB ) from 1956 through 1962 . Early in his career , Sisler was a st",0.676080129243984,0.7730372601657463,2.122218133889912,True,True,15438.0,0.25,train,0.03990154165047286,2665.0,0.2649155722326454,8.010922559230334,0.06045812992865185,0.9057339908889418,1.0,1.0,0.0,0.2649155722326454,0.9395418700713482,0.8403938333981086,1.0,1.0,0.75,1.0,0.0,0.7246921915547067,1869-2952,1.0,0.6785749888355147,0.75,0.7425891181988743
4.44911316101283,0.8898226322025661,1.0,1.0,0.0,0.3012531328320802,0.9473156046161565,0.8186141304347826,1.0,1.0,0.775827482447342,0.9505843780004865,0.0,11.016827011992223,541,v1_kept_low_score,"= Mariana ( poem ) = "" Mariana "" is a poem by Alfred , Lord Tennyson , published in 1830 . The poem follows a common theme in much of Tennyson 's work — that of <unk> isolation . The subject of Mariana is a woman who con",0.6761274213946448,0.76459811388035,2.290932175151047,True,True,11776.0,0.224172517552658,train,0.045346467391304345,1995.0,0.3012531328320802,7.604675024003892,0.05268439538384351,0.8898226322025661,1.0,1.0,0.0,0.3012531328320802,0.9473156046161565,0.8186141304347826,1.0,1.0,0.775827482447342,0.9505843780004865,0.0,0.7228700494080289,1869-2952,1.0,0.6743944024121562,0.775827482447342,0.6917293233082706
4.56949647740606,0.913899295481212,1.0,0.9994332993312932,0.0,0.3214462605250124,0.9494298463063956,0.7330073349633253,1.0,1.0,0.7888999008919723,0.9792261108424277,0.0,11.47425338046919,164,v1_kept_low_score,"= Lactarius indigo = Lactarius indigo , commonly known as the indigo milk cap , the indigo ( or blue ) <unk> , or the blue milk mushroom , is a species of agaric fungus in the family <unk> . A widely distributed species ",0.67615681700422,0.7644014673783471,2.5181485723099977,True,True,12270.0,0.21110009910802774,train,0.0667481662591687,2019.0,0.3214462605250124,7.833808886739422,0.0505701536936044,0.913899295481212,1.0,0.9994332993312932,0.0,0.3214462605250124,0.9494298463063956,0.7330073349633253,1.0,1.0,0.7888999008919723,0.9792261108424277,0.0,0.7306015682871209,1869-2952,1.0,0.6904688769854205,0.7888999008919723,0.654284299157999
4.61017815323126,0.922035630646252,1.0,1.0,0.0,0.3772609819121447,0.9235751295336787,0.771335901074397,1.0,1.0,0.7800776196636481,0.8977076203632511,0.0,10.357979846112118,398,v1_kept_low_score,"= 1939 Pacific hurricane season = The 1939 Pacific hurricane season ran through the summer and fall of 1939 . Before the satellite age started in the 1960s , data on east Pacific hurricanes are extremely unreliable . Mos",0.6761708821448792,0.7722061311849499,2.7093604666260394,True,True,4933.0,0.21992238033635192,train,0.05716602473140077,774.0,0.3772609819121447,7.181660962906009,0.07642487046632129,0.922035630646252,1.0,1.0,0.0,0.3772609819121447,0.9235751295336787,0.771335901074397,1.0,1.0,0.7800776196636481,0.8977076203632511,0.0,0.7286238776038567,0-1327,0.9845560441566107,0.6830540893707773,0.7800776196636481,0.727390180878553
4.681189228709269,0.9362378457418539,1.0,0.9999517374517375,0.0,0.2728802861350726,0.940223110924016,0.7937163249597649,1.0,1.0,0.7569444444444444,1.0,0.0,10.919805504403424,30,v1_kept_low_score,"= Tina Fey = Elizabeth <unk> "" Tina "" Fey ( / <unk> / ; born May 18 , 1970 ) is an American actress , comedian , writer , and producer . She is best known for her work on the NBC sketch comedy series Saturday Night Live ",0.6762297511994593,0.7698143672956582,2.335115171106065,True,True,28582.0,0.24305555555555558,train,0.05157091876005878,4753.0,0.2728802861350726,8.557287901516673,0.059776889075984,0.9362378457418539,1.0,0.9999517374517375,0.0,0.2728802861350726,0.940223110924016,0.7937163249597649,1.0,1.0,0.7569444444444444,1.0,0.0,0.7286642301964851,4487-1000000000,1.0,0.6825521866320108,0.7569444444444444,0.7092362718283189
4.579649079497745,0.915929815899549,1.0,0.9997293731605832,0.0,0.2805408765930992,0.9418532338308457,0.7952887115913854,1.0,1.0,0.7648064666563035,1.0,0.0,11.57717026694227,109,v1_kept_low_score,"= The Importance of Being Earnest = The Importance of Being Earnest , A <unk> Comedy for Serious People is a play by Oscar Wilde . First performed on 14 February 1895 at the St James 's Theatre in London , it is a farcic",0.6762930209980084,0.7634894197320082,2.45164713376928,True,True,39607.0,0.23519353334369653,train,0.05117782210215366,6434.0,0.2805408765930992,8.739001472948225,0.05814676616915426,0.915929815899549,1.0,0.9997293731605832,0.0,0.2805408765930992,0.9418532338308457,0.7952887115913854,1.0,1.0,0.7648064666563035,1.0,0.0,0.7278123051767108,4487-1000000000,1.0,0.6840413717366302,0.7648064666563035,0.671433012123096
4.506070895018525,0.901214179003705,1.0,1.0,0.0,0.3293954134815844,0.9380654140570633,0.8274799753542822,1.0,1.0,0.7649513212795549,0.9214470344566116,0.0,10.142786317827964,190,v1_kept_low_score,"= St Mary 's Church , <unk> Alderley = St Mary 's Church is an Anglican church at the end of a lane to the south of the village of <unk> Alderley , Cheshire , England . It dates from the 14th century , with later additio",0.6763009517474843,0.7682081125561464,2.4281634153297227,True,True,8115.0,0.2350486787204451,train,0.04313000616142945,1439.0,0.3293954134815844,7.371576275652893,0.06193458594293666,0.901214179003705,1.0,1.0,0.0,0.3293954134815844,0.9380654140570633,0.8274799753542822,1.0,1.0,0.7649513212795549,0.9214470344566116,0.0,0.7237616796984653,1327-1869,1.0,0.6745914518337817,0.7649513212795549,0.7143849895760945
4.519502548682313,0.9039005097364626,1.0,1.0,0.0,0.3519593613933237,0.938953488372093,0.8116409704792638,1.0,1.0,0.7647058823529411,0.9122473276834309,0.0,10.509109317900213,13,v1_kept_low_score,"= Gregorian Tower = The Gregorian Tower ( Italian : Torre <unk> ) or Tower of the Winds ( Italian : Torre <unk> <unk> ) is a round tower located above the Gallery of Maps , which connects the Villa <unk> with the Apostol",0.6765683509374194,0.7703344147578304,2.568591895073811,True,True,8367.0,0.23529411764705888,train,0.047089757380184054,1378.0,0.3519593613933237,7.297978621467447,0.061046511627906974,0.9039005097364626,1.0,1.0,0.0,0.3519593613933237,0.938953488372093,0.8116409704792638,1.0,1.0,0.7647058823529411,0.9122473276834309,0.0,0.7256997103929537,1327-1869,1.0,0.6789015274656655,0.7647058823529411,0.7184325108853411
